編號,草稿標註,疑問,理由,文件,chunk,source_doc_id,rel_type,verb,object,subject,source_sentence_start,source_sentence_end,chunk_source_sentence_start,chunk_source_sentence_end,chunk_sentence_index,原句,前句,後句,chunk_file,sample_key
1,c,是,原句是『不在此限』的但書標頭，但主詞片語與 verb 的對應不明，無法確認是否本來沒有受詞。,N0020006_團體協約法,14,2ba4c95b-a716-5ad0-af82-f3a4b9504174,RELATED_TO,不在此限,,雇主招收學徒或技術生、養成工、見習生、建教合作班之學生及其他與技術生性質相類之人,1,8,1,8,2,但有下列情形之一者，不在此限：,團體協約得約定雇主僱用勞工，以一定工會之會員為限。,一、該工會解散。,svo-chunk-014-of-034.md,N0020006_團體協約法|14|雇主招收學徒或技術生、養成工、見習生、建教合作班之學生及其他與技術生性質相類之人|RELATED_TO|不在此限|1|8
2,c,是,來源句是『每月補償金額不低於……』，但抽出的 verb 來自另一個相當性片語，句內對應不唯一。,N0030002_勞動基準法施行細則,10,c76201e8-b2e2-56c3-bc25-dd57c5b02815,RELATED_TO,與勞工遵守競業禁止之期間、區域、職業活動範圍及就業對象之範疇所受損失相當,,每月補償金額,1,6,1,6,2,一、每月補償金額不低於勞工離職時一個月平均工資百分之五十。,本法第九條之一第一項第四款所定之合理補償，應就下列事項綜合考量：,二、補償金額足以維持勞工離職後競業禁止期間之生活所需。,svo-chunk-010-of-063.md,N0030002_勞動基準法施行細則|10|每月補償金額|RELATED_TO|與勞工遵守競業禁止之期間、區域、職業活動範圍及就業對象之範疇所受損失相當|1|6
3,c,是,來源句是冒號前的條件標頭，抽出的『採行……措施』可能屬後續列舉，無法唯一對應。,N0030014_性別平等工作法,14,4ca167cb-b62b-5657-bd87-2ea21142c2c6,RELATED_TO,採行避免申訴人受性騷擾情形再度發生之措施,,雇主因接獲被害人申訴而知悉性騷擾之情形時,1,23,1,23,6,一、雇主因接獲被害人申訴而知悉性騷擾之情形時：,被害人及行為人分屬不同事業單位，且具共同作業或業務往來關係者，該行為人之雇主，亦同：,（一）採行避免申訴人受性騷擾情形再度發生之措施。,svo-chunk-014-of-049.md,N0030014_性別平等工作法|14|雇主因接獲被害人申訴而知悉性騷擾之情形時|RELATED_TO|採行避免申訴人受性騷擾情形再度發生之措施|1|23
4,c,是,主詞來自列舉款，verb 卻是前導句的歸入敘述，疑似跨句錯接。,N0030020_勞工退休金條例,29,08b337cc-04b8-56a1-a91e-ff5f0e666a4e,RELATED_TO,勞工退休基金歸入本金及累積收益,,無第一項之遺屬或指定請領人,1,12,1,12,11,一、無第一項之遺屬或指定請領人。,勞工死亡後，有下列情形之一者，其退休金專戶之本金及累積收益應歸入勞工退休基金：,二、第一項之遺屬或指定請領人之退休金請求權，因時效消滅。,svo-chunk-029-of-067.md,N0030020_勞工退休金條例|29|無第一項之遺屬或指定請領人|RELATED_TO|勞工退休基金歸入本金及累積收益|1|12
5,c,是,來源句的謂語主詞是『新負責人』，抽出主詞卻是『原負責人』，欄位對應不一致。,N0050002_勞工保險條例施行細則,17,b1dabea1-e2ff-57ce-9fc0-7ef5cea699cd,RELATED_TO,應負連帶清償責任,,原負責人,1,2,1,2,1,投保單位負責人有變更者，原負責人未清繳保險費或滯納金時，新負責人應負連帶清償責任。,,投保單位因合併、分割或轉讓而消滅時，其未清繳之保險費或滯納金，應由存續、新設或受讓之投保單位承受。,svo-chunk-017-of-104.md,N0050002_勞工保險條例施行細則|17|原負責人|RELATED_TO|應負連帶清償責任|1|2
6,c,是,原句是補助醫療機構辦理列舉事項的前導句，抽出 verb『適時轉介』與該句不唯一對應。,N0050031_勞工職業災害保險及保護法,73,a4c0d396-d8e9-5a83-8655-e5b7c673100d,RELATED_TO,適時轉介,,經其認可之醫療機構,1,13,1,13,1,為提供職業災害勞工職業傷病診治整合性服務及辦理職業傷病通報，中央主管機關得補助經其認可之醫療機構辦理下列事項：,,一、開設職業傷病門診，設置服務窗口。,svo-chunk-073-of-109.md,N0050031_勞工職業災害保險及保護法|73|經其認可之醫療機構|RELATED_TO|適時轉介|1|13
7,c,是,原句確有後續申請對象，但抽出的 verb 只有『於退保後』，不是可確認的受詞併入 verb。,N0050031_勞工職業災害保險及保護法,78,a4c0d396-d8e9-5a83-8655-e5b7c673100d,RELATED_TO,於退保後,,被保險人,1,3,1,3,1,被保險人從事第六十三條第二項所定有害作業，於退保後，經第七十三條第一項認可醫療機構之職業醫學科專科醫師診斷係因保險有效期間執行職務致罹患職業病者，得向保險人申請醫療補助、失能或死亡津貼。,,前項補助與津貼發給之對象、認定程序、發給基準及其他應遵行事項之辦法，由中央主管機關定之。,svo-chunk-078-of-109.md,N0050031_勞工職業災害保險及保護法|78|被保險人|RELATED_TO|於退保後|1|3
8,c,是,抽出的 verb 只有『若有剩餘』條件片語，主要辦理／繳還動作未被保留。,N0050039_勞工職業災害保險及保護法施行細則,84,50f997b4-a495-5453-aea1-5331f6f9751e,RELATED_TO,若有剩餘,,執行結果,1,2,1,2,2,執行結果若有賸餘，應於年度結算後辦理繳還。,中央主管機關辦理本法第六十二條第一項規定事項之經費，為當年度應收保險費百分之二十範圍及歷年應收保險費百分之二十之執行賸餘額度，其額度以審定決算數為計算基礎，並由保險人撥付之；,,svo-chunk-084-of-092.md,N0050039_勞工職業災害保險及保護法施行細則|84|執行結果|RELATED_TO|若有剩餘|1|2
9,c,是,原句是『檢查紀錄雇主應予保存』，抽出主詞與 verb 造成欄位角色錯置，無法只判 a/b。,N0060001_職業安全衛生法,21,70d78361-3548-5045-a05b-024aa4b5ba33,RELATED_TO,雇主應予保存,,檢查結果,1,13,1,13,7,檢查紀錄雇主應予保存，並負擔健康檢查費用；,前項檢查應由中央主管機關會商中央衛生主管機關認可之醫療機構之醫師為之；,實施特殊健康檢查時，雇主應提供勞工作業內容及暴露情形等作業經歷資料予醫療機構。,svo-chunk-021-of-061.md,N0060001_職業安全衛生法|21|檢查結果|RELATED_TO|雇主應予保存|1|13
10,c,是,抽出的主詞是列舉款『罹災人數在三人以上』，verb 卻對應下一款，疑似跨句錯接。,N0060001_職業安全衛生法,42,70d78361-3548-5045-a05b-024aa4b5ba33,RELATED_TO,在一人以上且需住院治療,,罹災人數,1,8,1,8,4,二、發生災害之罹災人數在三人以上。,一、發生死亡災害。,三、發生災害之罹災人數在一人以上，且需住院治療。,svo-chunk-042-of-061.md,N0060001_職業安全衛生法|42|罹災人數|RELATED_TO|在一人以上且需住院治療|1|8
11,c,是,抽出的主詞是守則描述片語，原句主要主詞與 verb 來自前導句，角色對應不清。,N0060002_職業安全衛生法施行細則,36,d81b0c7e-6e21-5395-91ff-89beb9c3f1d7,RELATED_TO,得依工作性質、規模分別訂定,,適合其需要之安全衛生工作守則,1,2,1,2,1,前條之安全衛生工作守則，得依事業單位之實際需要，訂定適用於全部或一部分事業，並得依工作性質、規模分別訂定，報請勞動檢查機構備查。,,事業單位訂定之安全衛生工作守則，其適用區域跨二以上勞動檢查機構轄區時，應報請中央主管機關指定之勞動檢查機構備查。,svo-chunk-036-of-049.md,N0060002_職業安全衛生法施行細則|36|適合其需要之安全衛生工作守則|RELATED_TO|得依工作性質、規模分別訂定|1|2
12,c,是,來源句的『專人』是被指定／監督的角色，verb 又延伸到列舉事項，主詞角色與受詞判定混在一起。,N0060009_職業安全衛生設施規則,140,0f58a639-0aa8-56f8-8a06-e0d51f856245,RELATED_TO,執行下列事項：一、決定作業步驟並指揮作業。二、監視作業中安全支柱、安全塊之使用狀況。,,專人,1,3,1,3,1,雇主使勞工從事高空工作車之修理、工作台之裝設或拆卸作業時，應指定專人監督該項作業，並執行下列事項：,,一、決定作業步驟並指揮作業。,svo-chunk-140-of-374.md,N0060009_職業安全衛生設施規則|140|專人|RELATED_TO|執行下列事項：一、決定作業步驟並指揮作業。二、監視作業中安全支柱、安全塊之使用狀況。|1|3
13,c,是,來源句是『應依下列規定』的標頭，抽出的查看安全器片語屬後續列舉，無法唯一定位。,N0060009_職業安全衛生設施規則,240,0f58a639-0aa8-56f8-8a06-e0d51f856245,RELATED_TO,對於使用乙炔熔接裝置、氣體集合熔接裝置從事金屬之熔接、熔斷或加熱作業時，應依下列規定,,雇主,1,9,1,9,1,雇主對於使用乙炔熔接裝置、氣體集合熔接裝置從事金屬之熔接、熔斷或加熱作業時，應依下列規定：,,一、應於發生器之發生器室、氣體集合裝置之氣體裝置室之易見場所揭示氣體種類、氣體最大儲存量、每小時氣體平均發生量及一次送入發生器內之電石量等。,svo-chunk-240-of-374.md,N0060009_職業安全衛生設施規則|240|雇主|RELATED_TO|對於使用乙炔熔接裝置、氣體集合熔接裝置從事金屬之熔接、熔斷或加熱作業時，應依下列規定|1|9
14,c,是,原句是選任專人辦理事項的標頭，抽出的『查看安全器』應屬後續列舉，疑似跨句。,N0060009_職業安全衛生設施規則,244,0f58a639-0aa8-56f8-8a06-e0d51f856245,RELATED_TO,查看安全器，並確保勞工安全使用狀態,,專人,1,10,1,10,1,雇主對於使用氣體集合熔接裝置從事金屬之熔接、熔斷或加熱作業時，應選任專人辦理下列事項：,,一、決定作業方法及指揮作業。,svo-chunk-244-of-374.md,N0060009_職業安全衛生設施規則|244|專人|RELATED_TO|查看安全器，並確保勞工安全使用狀態|1|10
15,c,是,抽出的 verb 是目的／條件片語，主要『應事前調查並通知』動作未保留，無法判 a/b。,N0060014_營造安全衛生設施標準,134,60094acf-b5e9-562d-8c1f-49733b1800ad,USED_FOR,為防止損及危險物或有害物管線、地下電纜、自來水管或其他埋設物等，致有危害勞工之虞時,,作業,1,1,1,1,1,雇主對於基樁等施工設備之作業，為防止損及危險物或有害物管線、地下電纜、自來水管或其他埋設物等，致有危害勞工之虞時，應事前就工作地點實施調查並查詢該等埋設之管線權責單位，確認其狀況，並將所得資料通知作業勞工。,,,svo-chunk-134-of-184.md,N0060014_營造安全衛生設施標準|134|作業|USED_FOR|為防止損及危險物或有害物管線、地下電纜、自來水管或其他埋設物等，致有危害勞工之虞時|1|1
16,c,是,來源句是列舉項目名詞句，抽出的『之處理』只有片段，沒有完整謂語可判定。,N0060015_特定化學物質危害預防標準,11,c697d2e9-bdbb-5dd5-82b7-1bbff079d9f8,RELATED_TO,之處理,,試料之採取及其所使用之器具等之處理,1,27,1,27,19,（六）試料之採取及其所使用之器具等之處理。,（五）蓋板、凸緣、閥、旋塞等接合部分之有否漏洩鈹等以外之乙類物質之檢點。,（七）發生異常時之緊急措施。,svo-chunk-011-of-053.md,N0060015_特定化學物質危害預防標準|11|試料之採取及其所使用之器具等之處理|RELATED_TO|之處理|1|27
17,c,是,verb 為空，原句是自動控制裝置的列舉標題，無法判斷受詞狀態。,N0060027_職業安全衛生管理辦法,46,7d69d891-0e8a-5309-92e0-1201d275ce0b,RELATED_TO,,,自動控制裝置,1,17,1,17,10,三、自動控制裝置：,（六）煙道有無洩漏、損傷及風壓異常。,（一）自動起動停止裝置、火焰檢出裝置、燃料切斷裝置、水位調節裝置、壓力調節裝置機能有無異常。,svo-chunk-046-of-107.md,N0060027_職業安全衛生管理辦法|46|自動控制裝置|RELATED_TO||1|17
18,c,是,主詞『配管』來自後續列舉，verb 卻是前導句的定期檢查標頭，疑似跨句錯接。,N0060027_職業安全衛生管理辦法,52,7d69d891-0e8a-5309-92e0-1201d275ce0b,RELATED_TO,應每二年依下列規定定期實施檢查一次,,配管,1,13,1,13,1,雇主對特定化學設備或其附屬設備，應每二年依下列規定定期實施檢查一次：,,一、特定化學設備或其附屬設備（不含配管）：,svo-chunk-052-of-107.md,N0060027_職業安全衛生管理辦法|52|配管|RELATED_TO|應每二年依下列規定定期實施檢查一次|1|13
19,c,是,來源句是公告場所的列舉項目，抽出的 verb 來自前導敘述，沒有完整謂語可判定。,N0070004_勞動檢查法施行細則,23,2a8d9a14-bafd-5200-812f-81d57653a52e,MANNER_OF,為公告檢查結果通知書全部內容之一種方式,,事業單位管制勞工出勤之場所,1,6,1,6,3,（一）事業單位管制勞工出勤之場所。,一、以勞動檢查機構所發檢查結果通知書之全部內容公告者，應公告於左列場所之一：,（二）餐廳、宿舍及各作業場所之公告場所。,svo-chunk-023-of-039.md,N0070004_勞動檢查法施行細則|23|事業單位管制勞工出勤之場所|MANNER_OF|為公告檢查結果通知書全部內容之一種方式|1|6
20,c,是,verb 為空，來源句只是列舉機構項目，無法判斷原句是否另有受詞。,N0090031_外國人從事就業服務法第四十六條第一項第一款至第六款工作資格及審查標準,31,94faac85-5252-5114-9e7c-fd3bd5e6262d,DERIVED_FROM,,,經中央目的事業主管機關評鑑合格之機構,1,8,1,8,7,五、經中央目的事業主管機關評鑑合格之機構。,四、公立及私立各大專校院、中學或小學。,六、其他社會工作師之法定執業登記處所。,svo-chunk-031-of-052.md,N0090031_外國人從事就業服務法第四十六條第一項第一款至第六款工作資格及審查標準|31|經中央目的事業主管機關評鑑合格之機構|DERIVED_FROM||1|8
21,a,否,『與起訴有同一效力』是關係／狀態描述，沒有獨立動作受詞。,N0020007_勞資爭議處理法,42,18d05f16-8057-5529-9408-49b61d29970d,RELATED_TO,與起訴有同一效力，消滅時效因而中斷,,裁決之申請,1,3,1,3,3,裁決之申請，除經撤回者外，與起訴有同一效力，消滅時效因而中斷。,當事人於第三十九條第二項所定期間提起之訴訟，依民事訴訟法之規定視為調解之聲請者，法院仍得進行調解程序。,,svo-chunk-042-of-067.md,N0020007_勞資爭議處理法|42|裁決之申請|RELATED_TO|與起訴有同一效力，消滅時效因而中斷|1|3
22,b,否,『指』後的定義內容被放在 verb，包含被定義的名詞片語。,N0030001_勞動基準法,2,14227a65-e016-52cd-affa-507925253d7d,RELATED_TO,指僱用勞工之事業主、事業經營之負責人或代表事業主處理有關勞工事務之人,,雇主,1,14,1,14,3,二、雇主：指僱用勞工之事業主、事業經營之負責人或代表事業主處理有關勞工事務之人。,一、勞工：指受雇主僱用從事工作獲致工資者。,三、工資：指勞工因工作而獲得之報酬；,svo-chunk-002-of-098.md,N0030001_勞動基準法|2|雇主|RELATED_TO|指僱用勞工之事業主、事業經營之負責人或代表事業主處理有關勞工事務之人|1|14
23,b,否,『申訴人身分資料』是『嚴守秘密』的對象，已併在 verb。,N0030001_勞動基準法,82,14227a65-e016-52cd-affa-507925253d7d,RELATED_TO,應對申訴人身分資料嚴守秘密,,中央主管機關或勞動檢查機構,1,7,1,7,5,主管機關或檢查機構應對申訴人身分資料嚴守秘密，不得洩漏足以識別其身分之資訊。,主管機關或檢查機構於接獲第一項申訴後，應為必要之調查，並於六十日內將處理情形，以書面通知勞工。,違反前項規定者，除公務員應依法追究刑事與行政責任外，對因此受有損害之勞工，應負損害賠償責任。,svo-chunk-082-of-098.md,N0030001_勞動基準法|82|中央主管機關或勞動檢查機構|RELATED_TO|應對申訴人身分資料嚴守秘密|1|7
24,b,否,『係指』後的定義內容被併在 verb。,N0030002_勞動基準法施行細則,6,c76201e8-b2e2-56c3-bc25-dd57c5b02815,RELATED_TO,係指可預期於六個月內完成之非繼續性工作,,短期性工作,1,6,1,6,3,二、短期性工作：係指可預期於六個月內完成之非繼續性工作。,一、臨時性工作：係指無法預期之非繼續性工作，其工作期間在六個月以內者。,三、季節性工作：係指受季節性原料、材料來源或市場銷售影響之非繼續性工作，其工作期間在九個月以內者。,svo-chunk-006-of-063.md,N0030002_勞動基準法施行細則|6|短期性工作|RELATED_TO|係指可預期於六個月內完成之非繼續性工作|1|6
25,b,否,『賠償責任』是『負』的受詞，留在 verb。,N0030014_性別平等工作法,29,4ca167cb-b62b-5657-bd87-2ea21142c2c6,RELATED_TO,應負賠償責任,,雇主,1,1,1,1,1,受僱者或求職者因雇主違反第十三條第二項之義務，受有損害者，雇主應負賠償責任。,,,svo-chunk-029-of-049.md,N0030014_性別平等工作法|29|雇主|RELATED_TO|應負賠償責任|1|1
26,a,否,文件是被驗證的受事主詞，原句沒有另一個獨立受詞。,N0030022_勞工退休金條例年金保險實施辦法,48,ef4ca6a3-6ce0-5597-90b9-eea9c2a99546,RELATED_TO,並經我國認可之相關機構驗證,,委託書及身分證明文件,1,5,1,5,5,委託書及身分證明文件需經大陸公證，並經我國認可之相關機構驗證。,第一項請領人為大陸地區人民，無法來臺領取退休金時，得由請領人擬具委託書，並附身分證明文件委託代領轉發。,,svo-chunk-048-of-069.md,N0030022_勞工退休金條例年金保險實施辦法|48|委託書及身分證明文件|RELATED_TO|並經我國認可之相關機構驗證|1|5
27,b,否,『實際加保月數按比例計算』等計算對象與內容被併在 verb。,N0050001_勞工保險條例,23,9c347a09-187e-598a-ba72-a10dbc5febe1,RELATED_TO,於保險年資未滿一年者，依其實際加保月數按比例計算；未滿三十日者，以一個月計算,,第二項保險給付標準之計算,1,16,1,16,12,第二項保險給付標準之計算，於保險年資未滿一年者，依其實際加保月數按比例計算；,其以日為給付單位者，以平均月投保薪資除以三十計算。,未滿三十日者，以一個月計算。,svo-chunk-023-of-097.md,N0050001_勞工保險條例|23|第二項保險給付標準之計算|RELATED_TO|於保險年資未滿一年者，依其實際加保月數按比例計算；未滿三十日者，以一個月計算|1|16
28,a,否,『應年滿……且……』是在描述條件，沒有獨立動作受詞。,N0050001_勞工保險條例,61,9c347a09-187e-598a-ba72-a10dbc5febe1,HAS_PREREQUISITE,應年滿四十五歲且婚姻關係存續一年以上，且每月工作收入未超過投保薪資分級表第一級,,配偶,1,22,1,22,6,二、配偶應年滿四十五歲且婚姻關係存續一年以上，且每月工作收入未超過投保薪資分級表第一級。,（二）扶養第三款規定之子女。,三、子女應符合下列條件之一。,svo-chunk-061-of-097.md,N0050001_勞工保險條例|61|配偶|HAS_PREREQUISITE|應年滿四十五歲且婚姻關係存續一年以上，且每月工作收入未超過投保薪資分級表第一級|1|22
29,b,否,『給付金額』被放在『減給』的 verb 片語內。,N0050001_勞工保險條例,67,9c347a09-187e-598a-ba72-a10dbc5febe1,RELATED_TO,依前條規定計算之給付金額減給百分之四,,每提前一年,1,3,1,3,3,被保險人保險年資滿十五年，未符合第五十八條第一項及第五項所定請領年齡者，得提前五年請領老年年金給付，每提前一年，依前條規定計算之給付金額減給百分之四，最多減給百分之二十。,每延後一年，依前條規定計算之給付金額增給百分之四，最多增給百分之二十。,,svo-chunk-067-of-097.md,N0050001_勞工保險條例|67|每提前一年|RELATED_TO|依前條規定計算之給付金額減給百分之四|1|3
30,b,否,『必要證件或資料』及申請復核的對象被併在 verb。,N0050002_勞工保險條例施行細則,39,b1dabea1-e2ff-57ce-9fc0-7ef5cea699cd,RELATED_TO,對前項行業別及費率有異議時，得於接獲通知之翌日起十五日內檢附必要證件或資料，向保險公司申請復核,,投保單位,1,6,1,6,4,投保單位對前項行業別及費率有異議時，得於接獲通知之翌日起十五日內檢附必要證件或資料，向保險人申請複核。,二、同一投保單位適用同一職業災害保險費率，其營業項目包括多種行業時，適用其最主要或最具代表性事業之職業災害保險費率。,各投保單位應適用之職業災害保險行業別及費率，經確定後不得調整。,svo-chunk-039-of-104.md,N0050002_勞工保險條例施行細則|39|投保單位|RELATED_TO|對前項行業別及費率有異議時，得於接獲通知之翌日起十五日內檢附必要證件或資料，向保險公司申請復核|1|6
31,a,否,『補正』在原句中沒有明示獨立受詞。,N0050021_就業保險法,33,33b1b158-307a-5c5d-a42b-5881cc433bb9,RELATED_TO,應於七日內補正,,未檢附求職紀錄者,1,3,1,3,2,未檢附求職紀錄者，應於七日內補正；,領取失業給付者，應於辦理失業再認定時，至少提供二次以上之求職紀錄，始得繼續請領。,屆期未補正者，停止發給失業給付。,svo-chunk-033-of-047.md,N0050021_就業保險法|33|未檢附求職紀錄者|RELATED_TO|應於七日內補正|1|3
32,a,否,『同一種保險給付』是被請領的主題／受事，沒有另列獨立受詞。,N0050031_勞工職業災害保險及保護法,29,a4c0d396-d8e9-5a83-8655-e5b7c673100d,RELATED_TO,不得因同一事故而重複請領,,同一種保險給付,1,2,1,2,1,同一種保險給付，不得因同一事故而重複請領。,,被保險人發生同一保險事故，被保險人、受益人或支出殯葬費之人同時符合請領本保險、勞工保險、農民健康保險、農民職業災害保險、公教人員保險、軍人保險或國民年金保險（以下簡稱其他社會保險）之給付條件時，僅得擇一請領。,svo-chunk-029-of-109.md,N0050031_勞工職業災害保險及保護法|29|同一種保險給付|RELATED_TO|不得因同一事故而重複請領|1|2
33,a,否,『年金給付』是被給付的主詞，原句沒有另一個獨立受詞。,N0050031_勞工職業災害保險及保護法,35,a4c0d396-d8e9-5a83-8655-e5b7c673100d,RELATED_TO,應於次月底前給付,,年金給付,1,4,1,4,2,年金給付應於次月底前給付。,依本法以現金發給之保險給付，經保險人核定後，應在十五日內給付之；,逾期給付可歸責於保險人者，其逾期部分應加給利息。,svo-chunk-035-of-109.md,N0050031_勞工職業災害保險及保護法|35|年金給付|RELATED_TO|應於次月底前給付|1|4
34,b,否,違反內容與退休金／資遣費給付等對象被併在 verb。,N0050031_勞工職業災害保險及保護法,93,a4c0d396-d8e9-5a83-8655-e5b7c673100d,RELATED_TO,違反第八十六條第一項或第二項規定，未依勞動基準法或勞工退休金條例所定退休金、資遣費之標準或期限給付,,雇主,1,4,1,4,1,雇主有下列情形之一者，處新臺幣三十萬元以上一百五十萬元以下罰鍰，並令其限期給付；,,屆期未給付者，應按次處罰：,svo-chunk-093-of-109.md,N0050031_勞工職業災害保險及保護法|93|雇主|RELATED_TO|違反第八十六條第一項或第二項規定，未依勞動基準法或勞工退休金條例所定退休金、資遣費之標準或期限給付|1|4
35,b,否,『準用……規定』的適用對象被放在 verb。,N0050039_勞工職業災害保險及保護法施行細則,70,50f997b4-a495-5453-aea1-5331f6f9751e,RELATED_TO,請領順序及發給方法，準用本法第四十九條第二項、第五十二條第一項、第二項及第五十三條規定,,承領失能一次金給付之對象,1,2,1,2,2,前項承領失能一次金給付之對象、請領順序及發給方法，準用本法第四十九條第二項、第五十二條第一項、第二項及第五十三條規定。,被保險人死亡前，依本法第四十三條第一項或第三項規定請領失能一次金給付，經保險人核定應給付而未發給者，其遺屬得承領之。,,svo-chunk-070-of-092.md,N0050039_勞工職業災害保險及保護法施行細則|70|承領失能一次金給付之對象|RELATED_TO|請領順序及發給方法，準用本法第四十九條第二項、第五十二條第一項、第二項及第五十三條規定|1|2
36,b,否,『指』後的定義內容與雇主等名詞片語被併在 verb。,N0050039_勞工職業災害保險及保護法施行細則,7,50f997b4-a495-5453-aea1-5331f6f9751e,DEFINED_AS,指經常於三個月內受僱於非屬本法第六條第一項各款規定之二個以上不同之雇主，其工作機會、工作時間、工作量、工作場所或工作報酬不固定者,,無一定雇主之勞工,1,2,1,2,1,本法第七條所稱無一定雇主之勞工，指經常於三個月內受僱於非屬本法第六條第一項各款規定之二個以上不同之雇主，其工作機會、工作時間、工作量、工作場所或工作報酬不固定者。,,本法第七條所稱自營作業者，指獨立從事勞動或技藝工作，獲致報酬，且未僱用有酬人員幫同工作者。,svo-chunk-007-of-092.md,N0050039_勞工職業災害保險及保護法施行細則|7|無一定雇主之勞工|DEFINED_AS|指經常於三個月內受僱於非屬本法第六條第一項各款規定之二個以上不同之雇主，其工作機會、工作時間、工作量、工作場所或工作報酬不固定者|1|2
37,b,否,『含有該物質之化學品』是製造或輸入的對象，已在 verb。,N0060001_職業安全衛生法,13,70d78361-3548-5045-a05b-024aa4b5ba33,RELATED_TO,對於中央主管機關公告之化學物質清單以外之新化學物質，未向中央主管機關繳交化學物質安全評估報告，並經核准登記前，不得製造或輸入含有該物質之化學品。,,"製造者, 輸入者, 供應者, 雇主",1,4,1,4,1,製造者或輸入者對於中央主管機關公告之化學物質清單以外之新化學物質，未向中央主管機關繳交化學物質安全評估報告，並經核准登記前，不得製造或輸入含有該物質之化學品。,,但其他法律已規定或經中央主管機關公告不適用者，不在此限。,svo-chunk-013-of-061.md,"N0060001_職業安全衛生法|13|製造者, 輸入者, 供應者, 雇主|RELATED_TO|對於中央主管機關公告之化學物質清單以外之新化學物質，未向中央主管機關繳交化學物質安全評估報告，並經核准登記前，不得製造或輸入含有該物質之化學品。|1|4"
38,b,否,『漏出部位』是『檢查』的受詞，已併在 verb。,N0060009_職業安全衛生設施規則,117,0f58a639-0aa8-56f8-8a06-e0d51f856245,RELATED_TO,應檢查漏出部位，給予適當處理,,遇有漏氣,1,12,1,12,11,九、運送中遇有漏氣，應檢查漏出部位，給予適當處理。,八、盛裝容器之載運車輛，應有警戒標誌。,十、搬運中發現溫度異常高昇時，應立即灑水冷卻，必要時，並應通知原製造廠協助處理。,svo-chunk-117-of-374.md,N0060009_職業安全衛生設施規則|117|遇有漏氣|RELATED_TO|應檢查漏出部位，給予適當處理|1|12
39,a,否,『依下列規定辦理』是列舉前導語，該句本身沒有獨立受詞。,N0060009_職業安全衛生設施規則,137,0f58a639-0aa8-56f8-8a06-e0d51f856245,USED_FOR,不得使高空工作車為主要用途以外之用途,,雇主,1,11,1,11,1,雇主對於使用高空工作車之作業，應依下列事項辦理：,,一、除行駛於道路上外，應於事前依作業場所之狀況、高空工作車之種類、容量等訂定包括作業方法之作業計畫，使作業勞工周知，並指定專人指揮監督勞工依計畫從事作業。,svo-chunk-137-of-374.md,N0060009_職業安全衛生設施規則|137|雇主|USED_FOR|不得使高空工作車為主要用途以外之用途|1|11
40,b,否,『其安全負荷』是『超過』的對象，位於 verb。,N0060009_職業安全衛生設施規則,177,0f58a639-0aa8-56f8-8a06-e0d51f856245,RELATED_TO,並不得超過其安全負荷,,物料堆放,1,9,1,9,9,並不得超過其安全負荷。,七、以不倚靠牆壁或結構支柱堆放為原則。,,svo-chunk-177-of-374.md,N0060009_職業安全衛生設施規則|177|物料堆放|RELATED_TO|並不得超過其安全負荷|1|9
41,a,否,『依下列規定辦理』是列舉前導語，沒有獨立受詞。,N0060009_職業安全衛生設施規則,216,0f58a639-0aa8-56f8-8a06-e0d51f856245,RELATED_TO,搬運時應裝妥護蓋,,容器,1,16,1,16,1,對於雇主為金屬之熔接、熔斷或加熱等作業所須使用可燃性氣體及氧氣之容器，應依下列規定辦理：,,一、容器不得設置、使用、儲藏或放置於下列場所：,svo-chunk-216-of-374.md,N0060009_職業安全衛生設施規則|216|容器|RELATED_TO|搬運時應裝妥護蓋|1|16
42,a,否,『應留存三年』是對主詞文件的保存狀態描述，沒有另一個獨立受詞。,N0060009_職業安全衛生設施規則,319,0f58a639-0aa8-56f8-8a06-e0d51f856245,RELATED_TO,應留存三年,,前項所定執行紀錄或文件,1,4,1,4,4,前項所定執行紀錄或文件，應留存三年。,於勞工人數未滿三十人者，得以執行紀錄或文件代替。,,svo-chunk-319-of-374.md,N0060009_職業安全衛生設施規則|319|前項所定執行紀錄或文件|RELATED_TO|應留存三年|1|4
43,a,否,『不在此限』沒有獨立受詞，前面的派專人看守是但書條件。,N0060009_職業安全衛生設施規則,41,0f58a639-0aa8-56f8-8a06-e0d51f856245,RELATED_TO,不在此限,,派專人看守,1,2,1,2,2,但設置天橋或地下道，或派專人看守，或設自動信號器者，不在此限。,雇主對於工作場所之人行道、車行道與鐵道，應儘量避免交叉。,,svo-chunk-041-of-374.md,N0060009_職業安全衛生設施規則|41|派專人看守|RELATED_TO|不在此限|1|2
44,b,否,『非關閉狀態即無法起動機械之性能』是『具有』的內容，已在 verb。,N0060009_職業安全衛生設施規則,92,0f58a639-0aa8-56f8-8a06-e0d51f856245,RELATED_TO,應具有非關閉狀態即無法起動機械之性能,,安全門,1,3,1,3,3,前項安全門，應具有非關閉狀態即無法起動機械之性能。,但第六十九條至第七十二條規定列舉之機械，不在此限。,,svo-chunk-092-of-374.md,N0060009_職業安全衛生設施規則|92|安全門|RELATED_TO|應具有非關閉狀態即無法起動機械之性能|1|3
45,b,否,『警告標示、護圍及防火設備』被放在『設』的 verb。,N0060014_營造安全衛生設施標準,33,60094acf-b5e9-562d-8c1f-49733b1800ad,USED_FOR,應設必要之警告標示、護圍及防火設備,,倉庫,1,3,1,3,3,倉庫內應設必要之警告標示、護圍及防火設備。,且不得儲存於距庫門或升降機二公尺範圍以內或足以妨礙交通之地點。,,svo-chunk-033-of-184.md,N0060014_營造安全衛生設施標準|33|倉庫|USED_FOR|應設必要之警告標示、護圍及防火設備|1|3
46,b,否,『各部分』是『維持』的對象，已併在 verb。,N0060014_營造安全衛生設施標準,47,60094acf-b5e9-562d-8c1f-49733b1800ad,RELATED_TO,應經常予以適當之保養並維持各部分之牢穩,,施工架及施工構臺,1,1,1,1,1,雇主對於施工架及施工構臺，應經常予以適當之保養並維持各部分之牢穩。,,,svo-chunk-047-of-184.md,N0060014_營造安全衛生設施標準|47|施工架及施工構臺|RELATED_TO|應經常予以適當之保養並維持各部分之牢穩|1|1
47,a,否,『重疊一公尺以上』是數量／程度補語，原句沒有可獨立抽出的名詞受詞。,N0060014_營造安全衛生設施標準,55,60094acf-b5e9-562d-8c1f-49733b1800ad,RELATED_TO,至少應重疊一公尺以上,,水平位置連接之橫檔接頭,1,19,1,19,8,六、水平位置連接之橫檔接頭，至少應重疊一公尺以上，其連接端應緊紮於立柱上。,橫檔垂直間距不得超過四公尺以上，其最低位置不得高於地面三公尺以上。,但經採用特殊方法，足以保持其受力之均衡者，不在此限。,svo-chunk-055-of-184.md,N0060014_營造安全衛生設施標準|55|水平位置連接之橫檔接頭|RELATED_TO|至少應重疊一公尺以上|1|19
48,a,否,『不在此限』沒有獨立受詞，安全措施者是但書主詞。,N0060014_營造安全衛生設施標準,83,60094acf-b5e9-562d-8c1f-49733b1800ad,RELATED_TO,已採取保護低位置工作勞工之安全措施者，不在此限,,勞工,1,7,1,7,3,但已採取保護低位置工作勞工之安全措施者，不在此限。,一、不得使勞工同時在不同高度之地點從事作業。,二、隨時清除開挖面之土石方；,svo-chunk-083-of-184.md,N0060014_營造安全衛生設施標準|83|勞工|RELATED_TO|已採取保護低位置工作勞工之安全措施者，不在此限|1|7
49,b,否,測定氰化氫／溴甲烷濃度及後續操作內容被併在 verb。,N0060015_特定化學物質危害預防標準,12,c697d2e9-bdbb-5dd5-82b7-1bbff079d9f8,RELATED_TO,從事鈹等之處置作業時，應使該勞工穿戴工作衣及防護手套（供處置濕潤狀態之鈹等之勞工應著不浸透性之防護手套）等個人防護具,,勞工,1,31,1,31,31,十四、勞工從事鈹等之處置作業時，應使該勞工穿戴工作衣及防護手套（供處置濕潤狀態之鈹等之勞工應著不浸透性之防護手套）等個人防護具。,（八）其他為防止鈹等之粉塵、燻煙、霧滴之飛散之必要措施。,,svo-chunk-012-of-053.md,N0060015_特定化學物質危害預防標準|12|勞工|RELATED_TO|從事鈹等之處置作業時，應使該勞工穿戴工作衣及防護手套（供處置濕潤狀態之鈹等之勞工應著不浸透性之防護手套）等個人防護具|1|31
50,b,否,『工作衣及防護手套……個人防護具』是『穿戴』的對象，已在 verb。,N0060015_特定化學物質危害預防標準,49,c697d2e9-bdbb-5dd5-82b7-1bbff079d9f8,RELATED_TO,應在各該場所空氣中測定氰化氫或溴甲烷之濃度；測定人員應於各該場所以外操作，並佩戴輸氣防護具,,拆除帳幕後使勞工進入燻蒸場所以鄰近於該場所之居住室等時,1,55,1,55,32,（六）拆除帳幕後，使勞工進入燻蒸場所或鄰近於該場所之居住室等時，應測定各該場所空氣中氰化氫或溴甲烷之濃度，測定人員應於各該場所外操作。,（五）為防止溴甲烷等之滲入居住室，應於投藥前確認已確實糊縫及勞工已自燻蒸場所退離。,十一、輪船燻蒸作業，應依下列規定：,svo-chunk-049-of-053.md,N0060015_特定化學物質危害預防標準|49|拆除帳幕後使勞工進入燻蒸場所以鄰近於該場所之居住室等時|RELATED_TO|應在各該場所空氣中測定氰化氫或溴甲烷之濃度；測定人員應於各該場所以外操作，並佩戴輸氣防護具|1|55
51,b,否,『特殊健康檢查』及其實施項目被併在 verb。,N0060022_附表一_特別危害健康作業,4,c8298529-91e4-56b3-bf2b-32e847635de4,RELATED_TO,依勞工健康保護規則第十九條規定，雇主應每年或於變更其作業時，依規定項目實施特殊健康檢查,,符合本附表所列作業之勞工,10,13,10,13,4,本附表為勞工健康保護規則第二條所稱特別危害健康作業之認定依據，凡符合本附表所列作業之勞工，依勞工健康保護規則第十九條規定，雇主應每年或於變更其作業時，依規定項目實施特殊健康檢查。,附表一之項次十二為其他經中央主管機關指定公告之作業，包含製造、處置或使用1-溴丙烷或其重量比超過百分之五之混合物之作業。,,svo-chunk-004-of-004.md,N0060022_附表一_特別危害健康作業|4|符合本附表所列作業之勞工|RELATED_TO|依勞工健康保護規則第十九條規定，雇主應每年或於變更其作業時，依規定項目實施特殊健康檢查|10|13
52,b,否,『紀錄』是『作成』的對象，已在 verb。,N0060027_職業安全衛生管理辦法,16,7d69d891-0e8a-5309-92e0-1201d275ce0b,RELATED_TO,作成紀錄,,委員,1,15,1,15,14,前項委員會審議、協調、考核及建議安全衛生相關事項，應作成紀錄，並保存三年。,十二、其他有關職業安全衛生管理事項。,第一項委員會議由主任委員擔任主席，必要時得召開臨時會議。,svo-chunk-016-of-107.md,N0060027_職業安全衛生管理辦法|16|委員|RELATED_TO|作成紀錄|1|15
53,a,否,『有無異常』是狀態／檢查結果描述，沒有另列獨立動作受詞。,N0060027_職業安全衛生管理辦法,48,7d69d891-0e8a-5309-92e0-1201d275ce0b,RELATED_TO,有無異常,,自動控制裝置,1,6,1,6,4,三、自動控制裝置有無異常。,二、燃燒裝置有無異常。,四、附屬裝置及附屬品性能是否正常。,svo-chunk-048-of-107.md,N0060027_職業安全衛生管理辦法|48|自動控制裝置|RELATED_TO|有無異常|1|6
54,b,否,『顯著損傷、變形及腐蝕』是『有無』的內容，已在 verb。,N0060027_職業安全衛生管理辦法,52,7d69d891-0e8a-5309-92e0-1201d275ce0b,RELATED_TO,有無顯著損傷、變形及腐蝕,,內面及外面,1,13,1,13,4,（二）內面及外面有無顯著損傷、變形及腐蝕。,（一）內部有無足以形成其損壞原因之物質存在。,（三）蓋、凸緣、閥、旋塞等之狀態。,svo-chunk-052-of-107.md,N0060027_職業安全衛生管理辦法|52|內面及外面|RELATED_TO|有無顯著損傷、變形及腐蝕|1|13
55,b,否,『防止容器翻倒及損傷其閥之措施』是『採取』的對象，已在 verb。,N0060030_高壓氣體勞工安全規則,168,30ed70c9-3747-51ec-822a-0d268377548b,USED_FOR,採取防止翻倒及損傷其閥之措施,,容器,1,1,1,1,1,可燃性氣體等應於消費後嚴閉其閥，並採取防止容器翻倒及損傷其閥之措施。,,,svo-chunk-168-of-226.md,N0060030_高壓氣體勞工安全規則|168|容器|USED_FOR|採取防止翻倒及損傷其閥之措施|1|1
56,b,否,提撥金額與其比例內容被併在 verb。,N0060041_職業災害勞工保護法,3,b90844e9-08c1-5886-8d35-a1fecaff511a,RELATED_TO,除循預算程序由勞工保險基金職業災害保險收支結餘一次提撥之金額外，並按年由上年度收支結餘提撥百分之四十以上，百分之六十以下之金額,,專款,1,2,1,2,2,前項專款，除循預算程序由勞工保險基金職業災害保險收支結餘一次提撥之金額外，並按年由上年度收支結餘提撥百分之四十以上，百分之六十以下之金額。,中央主管機關應自勞工保險基金職業災害保險收支結餘提撥專款，作為加強辦理職業災害預防及補助參加勞工保險而遭遇職業災害勞工之用，不受勞工保險條例第六十七條第二項規定之限制，其會計業務應單獨辦理。,,svo-chunk-003-of-041.md,N0060041_職業災害勞工保護法|3|專款|RELATED_TO|除循預算程序由勞工保險基金職業災害保險收支結餘一次提撥之金額外，並按年由上年度收支結餘提撥百分之四十以上，百分之六十以下之金額|1|2
57,a,否,『合計以五年為限』是期間限制描述，沒有獨立動作受詞。,N0060041_職業災害勞工保護法,8,b90844e9-08c1-5886-8d35-a1fecaff511a,RELATED_TO,合計以五年為限,,第一項第一款、第二款、第五款及前項之補助,1,11,1,11,10,請領第一項第一款、第二款、第五款及前項之補助，合計以五年為限。,勞工保險效力終止後，勞工保險被保險人，經醫師診斷罹患職業疾病，且該職業疾病係於保險有效期間所致，且未請領勞工保險給付及不能繼續從事工作者，得請領生活津貼。,第一項及第二項補助之條件、標準、申請程序及核發辦法，由中央主管機關定之。,svo-chunk-008-of-041.md,N0060041_職業災害勞工保護法|8|第一項第一款、第二款、第五款及前項之補助|RELATED_TO|合計以五年為限|1|11
58,a,否,『不在此限』沒有獨立受詞。,N0060079_直轄市及縣市政府辦理協助職業災害勞工重返職場補助辦法,7,de1995ed-8bbd-551b-b91a-39bf12eeb05e,RELATED_TO,不在此限,,但有不可歸責之事由，經地方主管機關同意者,1,2,1,2,2,但有不可歸責之事由，經地方主管機關同意者，不在此限。,雇主於受領輔助設施補助之日起六個月內，應繼續僱用該職業災害勞工。,,svo-chunk-007-of-029.md,N0060079_直轄市及縣市政府辦理協助職業災害勞工重返職場補助辦法|7|但有不可歸責之事由，經地方主管機關同意者|RELATED_TO|不在此限|1|2
59,b,否,『安全衛生巡視』是『實施』的對象，已落在 verb。,N0060088_工程安全設計及整體工程統合管理辦法,17,5f5f916d-9e7f-5a7e-ab82-428d277f2cff,RELATED_TO,安全衛生巡視,,工作場所,1,6,1,6,4,三、實施工作場所安全衛生巡視，並督促改善缺失事項。,二、連繫與調整各施工者之安全衛生設施及管理，以控制施工風險。,四、執行機械、設備、器具及人員進場之安全管制。,svo-chunk-017-of-021.md,N0060088_工程安全設計及整體工程統合管理辦法|17|工作場所|RELATED_TO|安全衛生巡視|1|6
60,a,否,『由……決定之』是被決定的狀態描述，沒有獨立動作受詞。,N0070004_勞動檢查法施行細則,32,2a8d9a14-bafd-5200-812f-81d57653a52e,RELATED_TO,由勞動檢查機構視其情節決定之,,全部停工日數,1,2,1,2,1,勞動檢查機構依本法第二十七條至第二十九條之規定通知事業單位部分或全部停工時，其停工日數由勞動檢查機構視其情節決定之。,,前項全部停工日數超過七日者，應陳報中央主管機關核定。,svo-chunk-032-of-039.md,N0070004_勞動檢查法施行細則|32|全部停工日數|RELATED_TO|由勞動檢查機構視其情節決定之|1|2
61,a,否,『不得再進場』是方向／行為限制，沒有獨立受詞。,N0080014_技術士技能檢定作業及試場規則,43,82301d24-68fb-5d28-955d-bff6cc26bfb1,RELATED_TO,不得再進場,,繳件出場後,1,1,1,1,1,學科測試應檢人繳卷時，應將答案卷（卡）及試題一併繳交監場人員，始得出場，出場後，不得再進場。,,,svo-chunk-043-of-072.md,N0080014_技術士技能檢定作業及試場規則|43|繳件出場後|RELATED_TO|不得再進場|1|1
62,a,否,『不良』是狀態形容，原句沒有獨立動作受詞。,N0080028_身心障礙者職業訓練機構設立管理及補助準則,16,a0d90833-de2e-5e85-baba-600527e4b58a,RELATED_TO,不良,,訓練設備清冊,1,8,1,8,4,二、訓練場所、訓練設備、公共設施或安全衛生設施不良。,一、招訓廣告或簡章內容不實。,三、收費不當。,svo-chunk-016-of-025.md,N0080028_身心障礙者職業訓練機構設立管理及補助準則|16|訓練設備清冊|RELATED_TO|不良|1|8
63,b,否,再推薦符合資格之選手參賽的對象與內容被併在 verb。,N0080044_技能競賽實施及獎勵辦法,24,0dd554c1-92f8-5fdf-a0a7-48ffab96a110,RELATED_TO,於競賽開始日三十日前，經承辦單位同意者，得再推薦符合資格之選手參賽,,提名單位,1,2,1,2,2,但其中一人因天災、事變或其他重大事故，致不能參賽，於競賽開始日三十日前，經承辦單位同意者，提名單位得再推薦符合資格之選手參賽。,分區技能競賽職類以團隊組合方式參賽時，推薦之組合名單不得申請變更。,,svo-chunk-024-of-061.md,N0080044_技能競賽實施及獎勵辦法|24|提名單位|RELATED_TO|於競賽開始日三十日前，經承辦單位同意者，得再推薦符合資格之選手參賽|1|2
64,b,否,轉介、失業認定及核發失業給付的對象／內容被併在 verb。,N0090001_就業服務法,16,c442573a-1465-5d8d-a264-26abf9769229,RELATED_TO,進行轉介或失業認定及轉請核發失業給付,,公立就業服務機構,1,3,1,3,1,公立就業服務機構對求職人應先提供就業諮詢，再依就業諮詢結果或職業輔導評量，推介就業、職業訓練、技能檢定、創業輔導、進行轉介或失業認定及轉請核發失業給付。,,前項服務項目及內容，應作成紀錄。,svo-chunk-016-of-084.md,N0090001_就業服務法|16|公立就業服務機構|RELATED_TO|進行轉介或失業認定及轉請核發失業給付|1|3
65,a,否,許可證是被更新的主詞／受事，沒有另一個獨立受詞。,N0090001_就業服務法,34,c442573a-1465-5d8d-a264-26abf9769229,RELATED_TO,應定期更新之,,許可證,1,5,1,5,2,其許可證並應定期更新之。,私立就業服務機構及其分支機構，應向主管機關申請設立許可，經發給許可證後，始得從事就業服務業務；,未經許可，不得從事就業服務業務。,svo-chunk-034-of-084.md,N0090001_就業服務法|34|許可證|RELATED_TO|應定期更新之|1|5
66,b,否,『前項之檢查』及規避、妨礙、拒絕的對象被併在 verb。,N0090001_就業服務法,63,c442573a-1465-5d8d-a264-26abf9769229,RELATED_TO,對前項之檢查，不得規避、妨礙或拒絕,,雇主,1,2,1,2,2,對前項之檢查，雇主、雇主代理人、外國人及其他有關人員不得規避、妨礙或拒絕。,主管機關、入出國管理機關、警察機關、海岸巡防機關或其他司法警察機關得指派人員攜帶證明文件，至外國人工作之場所或可疑有外國人違法工作之場所，實施檢查。,,svo-chunk-063-of-084.md,N0090001_就業服務法|63|雇主|RELATED_TO|對前項之檢查，不得規避、妨礙或拒絕|1|2
67,b,否,結具書、申請書與遺失證明書等對象都在 verb。,N0090002_私立就業服務機構許可及管理辦法,28,e201c43a-d088-5798-b788-e8cc63ce9567,RELATED_TO,應備具結書及申請書，並載明原證字號，申請補發遺失證明書。,,遺失者,1,3,1,3,3,遺失者，應備具結書及申請書，並載明原證字號，申請補發遺失證明書。,前項許可證或就業服務專業人員證書污損者，應繳還原證，申請換發新證；,,svo-chunk-028-of-048.md,N0090002_私立就業服務機構許可及管理辦法|28|遺失者|RELATED_TO|應備具結書及申請書，並載明原證字號，申請補發遺失證明書。|1|3
68,a,否,『以下列各款為限』是列舉前導語，沒有獨立受詞。,N0090031_外國人從事就業服務法第四十六條第一項第一款至第六款工作資格及審查標準,33,94faac85-5252-5114-9e7c-fd3bd5e6262d,RELATED_TO,以下列各款為限,,醫事機構,1,5,1,5,1,前條所稱醫事機構，以下列各款為限：,,一、前條第一款所定人員之法定執業登記機構。,svo-chunk-033-of-052.md,N0090031_外國人從事就業服務法第四十六條第一項第一款至第六款工作資格及審查標準|33|醫事機構|RELATED_TO|以下列各款為限|1|5
69,a,否,『不在此限』沒有獨立受詞。,N0090031_外國人從事就業服務法第四十六條第一項第一款至第六款工作資格及審查標準,50,94faac85-5252-5114-9e7c-fd3bd5e6262d,RELATED_TO,不在此限,,對國內經濟發展有實質貢獻，或因情況特殊，經中央主管機關會商中央目的事業主管機關專案認定者,1,2,1,2,2,但因情況特殊，經中央主管機關會商中央目的事業主管機關專案認定者，不在此限。,外國人受聘僱從事本法第四十六條第一項第六款規定之藝術及演藝工作，應出具從事藝術、演藝工作證明文件或其所屬國官方機構出具之推薦或證明文件。,,svo-chunk-050-of-052.md,N0090031_外國人從事就業服務法第四十六條第一項第一款至第六款工作資格及審查標準|50|對國內經濟發展有實質貢獻，或因情況特殊，經中央主管機關會商中央目的事業主管機關專案認定者|RELATED_TO|不在此限|1|2
70,b,否,政府補助使用居家照顧、日間照顧或家庭托顧服務的內容被併在 verb。,N0090064_外國技術人力工作資格及許可管理辦法,31,c61f975a-2967-5e12-b378-849bdfdbd6ed,RELATED_TO,且由各級政府補助使用居家照顧服務、日間照顧服務或家庭托顧服務連續達六個月以上者,,符合長期照顧服務申請及給付辦法第七條及第九條附表四,1,14,1,14,7,三、符合長期照顧服務申請及給付辦法第七條及第九條附表四，且由各級政府補助使用居家照顧服務、日間照顧服務或家庭托顧服務連續達六個月以上者。,（三）年齡滿八十五歲以上，認定有輕度依賴照護需要。,四、經醫師開立診斷證明書，符合中央主管機關所定之病症或病況者。,svo-chunk-031-of-072.md,N0090064_外國技術人力工作資格及許可管理辦法|31|符合長期照顧服務申請及給付辦法第七條及第九條附表四|RELATED_TO|且由各級政府補助使用居家照顧服務、日間照顧服務或家庭托顧服務連續達六個月以上者|1|14
